transaction_code,account_number,transaction_type,amount,transaction_date,transaction_time,transaction_cost
TXN00001,ACC0218,Fund Transfers,31214.13,2023-10-17,11:47:00,50.0
TXN00002,ACC0076,Deposit,117678.34,2023-04-16,14:07:00,0.0
TXN00003,ACC0128,Deposit,79478.83,2023-01-12,13:08:00,50.0
TXN00004,ACC0221,Payments,55129.16,2023-11-06,15:49:00,0.0
TXN00005,ACC0005,Deposit,2562.12,2023-04-02,08:50:00,50.0
TXN00006,ACC0130,Fund Transfers,94471.32,2023-09-25,14:27:00,50.0
TXN00007,ACC0022,Withdraw,41981.43,2023-05-03,16:58:00,0.0
TXN00008,ACC0250,Withdraw,80690.33,2023-07-19,09:19:00,50.0
TXN00009,ACC0187,Withdraw,9156.94,2023-02-14,09:29:00,100.0
TXN00010,ACC0156,Deposit,46738.86,2023-12-22,10:07:00,0.0
TXN00011,ACC0182,Withdraw,105374.19,2023-03-16,13:33:00,100.0
TXN00012,ACC0201,Fund Transfers,25460.96,2023-03-24,12:46:00,0.0
TXN00013,ACC0198,Deposit,50584.15,2023-07-09,16:04:00,30.0
TXN00014,ACC0183,Deposit,74674.06,2023-09-12,08:31:00,100.0
TXN00015,ACC0043,Fund Transfers,24017.84,2023-02-19,09:14:00,100.0
TXN00016,ACC0001,Deposit,128874.01,2023-01-08,08:30:00,30.0
TXN00017,ACC0099,Withdraw,27254.66,2023-01-18,14:14:00,30.0
TXN00018,ACC0064,Payments,137420.29,2023-06-09,09:36:00,30.0
TXN00019,ACC0031,Deposit,27311.98,2023-09-02,14:04:00,50.0
TXN00020,ACC0222,Fund Transfers,116142.36,2023-05-11,09:35:00,50.0
TXN00021,ACC0003,Fund Transfers,30500.34,2023-10-26,12:47:00,100.0
TXN00022,ACC0063,Payments,55556.91,2023-08-25,11:46:00,100.0
TXN00023,ACC0195,Withdraw,23009.67,2023-07-01,11:34:00,30.0
TXN00024,ACC0163,Deposit,142673.04,2023-01-25,14:54:00,30.0
TXN00025,ACC0027,Withdraw,79707.27,2023-04-14,15:03:00,0.0
TXN00026,ACC0183,Fund Transfers,14407.48,2023-04-28,16:26:00,30.0
TXN00027,ACC0118,Deposit,87325.21,2023-09-05,14:04:00,100.0
TXN00028,ACC0146,Deposit,65529.94,2023-03-08,12:16:00,30.0
TXN00029,ACC0238,Payments,105258.48,2023-12-11,13:28:00,30.0
TXN00030,ACC0060,Deposit,141561.43,2023-03-25,17:06:00,0.0
TXN00031,ACC0028,Withdraw,67710.23,2023-06-14,09:34:00,30.0
TXN00032,ACC0247,Withdraw,68061.6,2023-08-09,09:05:00,0.0
TXN00033,ACC0207,Fund Transfers,124044.81,2023-12-20,08:13:00,30.0
TXN00034,ACC0038,Deposit,106818.03,2023-06-13,16:03:00,30.0
TXN00035,ACC0067,Withdraw,5146.77,2023-07-28,15:35:00,100.0
TXN00036,ACC0064,Deposit,69575.47,2023-03-04,08:03:00,0.0
TXN00037,ACC0034,Withdraw,123639.18,2023-06-22,09:37:00,100.0
TXN00038,ACC0067,Deposit,3759.13,2023-02-07,15:51:00,0.0
TXN00039,ACC0024,Fund Transfers,18817.89,2023-08-02,10:59:00,100.0
TXN00040,ACC0111,Payments,74670.9,2023-07-22,14:11:00,30.0
TXN00041,ACC0055,Withdraw,41609.77,2023-08-05,08:39:00,100.0
TXN00042,ACC0158,Withdraw,97268.12,2023-08-14,16:30:00,0.0
TXN00043,ACC0023,Fund Transfers,57760.78,2023-07-07,16:15:00,100.0
TXN00044,ACC0204,Deposit,148415.84,2023-12-12,15:34:00,50.0
TXN00045,ACC0089,Fund Transfers,58563.0,2023-03-01,13:38:00,0.0
TXN00046,ACC0008,Fund Transfers,9259.39,2023-08-17,13:49:00,100.0
TXN00047,ACC0060,Withdraw,15470.08,2023-11-08,12:34:00,0.0
TXN00048,ACC0196,Withdraw,86565.97,2023-07-12,10:11:00,0.0
TXN00049,ACC0152,Fund Transfers,121028.43,2023-12-12,17:01:00,30.0
TXN00050,ACC0243,Withdraw,84684.78,2023-04-27,15:34:00,30.0
TXN00051,ACC0045,Payments,6175.58,2023-01-08,17:14:00,0.0
TXN00052,ACC0135,Payments,602.18,2023-10-07,10:21:00,0.0
TXN00053,ACC0236,Fund Transfers,9403.62,2023-03-19,10:49:00,0.0
TXN00054,ACC0217,Fund Transfers,144103.53,2023-06-23,14:37:00,0.0
TXN00055,ACC0087,deposit,48729.18,2023-03-24,14:50:00,50.0
TXN00056,ACC0167,Fund Transfers,26543.3,2023-09-23,17:50:00,30.0
TXN00057,ACC0058,Withdraw,57068.42,2023-12-23,12:08:00,0.0
TXN00058,ACC0187,Deposit,142343.82,2023-10-13,17:02:00,0.0
TXN00059,ACC0155,Fund Transfers,138195.21,2023-10-08,17:06:00,50.0
TXN00060,ACC0037,Fund Transfers,111928.83,2023-04-12,13:10:00,0.0
TXN00061,ACC0211,Fund Transfers,67271.18,2023-05-07,11:44:00,0.0
TXN00062,ACC0090,Fund Transfers,118159.49,2023-12-01,08:24:00,50.0
TXN00063,ACC0188,Payments,145380.72,2023-07-16,14:22:00,100.0
TXN00064,ACC0097,Deposit,124406.64,2023-10-21,11:10:00,50.0
TXN00065,ACC0019,Deposit,44588.84,2023-06-09,09:04:00,30.0
TXN00066,ACC0044,Payments,24555.22,2023-02-18,09:21:00,100.0
TXN00067,ACC0158,Payments,105823.44,2023-07-21,10:38:00,50.0
TXN00068,ACC0041,Deposit,15638.04,2023-04-07,14:44:00,100.0
TXN00069,ACC0185,Fund Transfers,99259.38,2023-05-08,09:03:00,50.0
TXN00070,ACC0147,Payments,23461.7,2023-06-01,14:05:00,30.0
TXN00071,ACC0211,Payments,30351.38,2023-01-07,10:40:00,30.0
TXN00072,ACC0021,Payments,126643.48,2023-05-26,14:30:00,50.0
TXN00073,ACC0230,Fund Transfers,14124.96,2023-09-13,10:23:00,50.0
TXN00074,ACC0095,Withdraw,67143.4,2023-05-15,15:16:00,0.0
TXN00075,ACC0215,Fund Transfers,84854.86,2023-03-25,09:05:00,30.0
TXN00076,ACC0207,Payments,145620.48,2023-10-08,16:03:00,50.0
TXN00077,ACC0210,Payments,144861.34,2023-11-28,15:36:00,0.0
TXN00078,ACC0122,Fund Transfers,12303.78,2023-12-02,16:36:00,100.0
TXN00079,ACC0205,Withdraw,18482.14,2023-08-06,10:13:00,0.0
TXN00080,ACC0033,Deposit,63794.55,2023-11-14,11:52:00,0.0
TXN00081,ACC0214,Fund Transfers,48302.55,2023-12-26,09:05:00,50.0
TXN00082,ACC0143,Payments,83032.1,2023-05-17,15:58:00,0.0
TXN00083,ACC0202,Payments,17321.57,2023-03-05,17:37:00,100.0
TXN00084,ACC0195,Deposit,138776.76,2023-10-25,09:50:00,30.0
TXN00085,ACC0223,Fund Transfers,131745.09,2023-05-13,15:36:00,100.0
TXN00086,ACC0122,Deposit,26243.86,2023-07-05,17:38:00,50.0
TXN00087,ACC0010,Payments,133491.34,2023-06-23,11:03:00,50.0
TXN00088,ACC0236,Fund Transfers,134606.19,2023-01-11,12:19:00,30.0
TXN00089,ACC0216,Payments,128806.1,2023-11-04,11:08:00,30.0
TXN00090,ACC0250,Payments,116217.62,2023-06-09,14:38:00,0.0
TXN00091,ACC0049,Payments,32102.88,2023-07-24,15:48:00,100.0
TXN00092,ACC0223,Fund Transfers,123242.1,2023-09-26,10:04:00,30.0
TXN00093,ACC0182,Payments,20779.65,2023-09-19,08:11:00,0.0
TXN00094,ACC0225,Withdraw,125628.01,2023-04-02,15:03:00,30.0
TXN00095,ACC0181,Withdraw,41459.64,2023-08-17,14:40:00,0.0
TXN00096,ACC0175,Deposit,36669.75,2023-08-20,15:11:00,50.0
TXN00097,ACC0151,Fund Transfers,51965.23,2023-05-24,09:18:00,0.0
TXN00098,ACC0099,Deposit,24854.66,2023-10-25,11:54:00,0.0
TXN00099,ACC0166,Withdraw,101815.44,2023-05-21,14:32:00,0.0
TXN00100,ACC0222,Deposit,71377.53,2023-03-21,10:38:00,0.0
TXN00101,ACC0058,Fund Transfers,91447.41,2023-05-23,12:27:00,50.0
TXN00102,ACC0219,Fund Transfers,69120.2,2023-04-15,12:43:00,100.0
TXN00103,ACC0212,Payments,87880.83,2023-01-17,13:35:00,100.0
TXN00104,ACC0156,Fund Transfers,45122.15,2023-02-16,09:21:00,30.0
TXN00105,ACC0164,Fund Transfers,129292.99,2023-05-21,12:12:00,0.0
TXN00106,ACC0133,Withdraw,135003.21,2023-10-13,13:43:00,0.0
TXN00107,ACC0185,Deposit,98482.39,2023-05-09,14:25:00,50.0
TXN00108,ACC0189,Deposit,87662.04,2023-10-27,11:21:00,0.0
TXN00109,ACC0176,Payments,136025.71,2023-11-12,16:19:00,0.0
TXN00110,ACC0216,WITHDRAW,44420.72,2023-08-05,12:46:00,100.0
TXN00111,ACC0196,Withdraw,142065.05,2023-06-21,09:14:00,30.0
TXN00112,ACC0058,Fund Transfers,63360.65,2023-06-12,12:37:00,30.0
TXN00113,ACC0119,Deposit,70845.22,2023-11-19,17:39:00,0.0
TXN00114,ACC0121,Withdraw,75321.37,2023-11-13,16:19:00,50.0
TXN00115,ACC0014,Withdraw,21036.11,2023-04-11,14:36:00,50.0
TXN00116,ACC0037,Fund Transfers,129427.89,2023-03-25,09:31:00,30.0
TXN00117,ACC0162,Withdraw,47355.4,2023-01-01,15:17:00,0.0
TXN00118,ACC0195,Withdraw,86653.7,2023-03-16,09:08:00,100.0
TXN00119,ACC0112,Payments,60807.33,2023-08-13,08:02:00,100.0
TXN00120,ACC0052,Fund Transfers,142535.26,2023-06-25,16:12:00,0.0
TXN00121,ACC0174,Deposit,94189.7,2023-04-08,13:19:00,0.0
TXN00122,ACC0027,Payments,75748.8,2023-05-06,09:52:00,0.0
TXN00123,ACC0077,Fund Transfers,68660.98,2023-09-20,16:21:00,50.0
TXN00124,ACC0228,Withdraw,51738.56,2023-08-12,11:10:00,50.0
TXN00125,ACC0005,Withdraw,34036.04,2023-03-07,08:37:00,100.0
TXN00126,ACC0044,Deposit,55305.42,2023-11-26,08:24:00,30.0
TXN00127,ACC0198,Deposit,89291.65,2023-01-22,09:41:00,0.0
TXN00128,ACC0013,Deposit,62807.95,2023-07-04,16:16:00,50.0
TXN00129,ACC0180,Withdraw,31221.49,2023-11-21,08:19:00,50.0
TXN00130,ACC0170,Deposit,99541.2,2023-05-20,17:44:00,0.0
TXN00131,ACC0108,Deposit,76981.93,2023-10-04,12:07:00,0.0
TXN00132,ACC0128,Withdraw,91545.77,2023-05-27,16:12:00,30.0
TXN00133,ACC0181,Payments,44655.0,2023-01-18,15:58:00,0.0
TXN00134,ACC0177,Payments,49925.24,2023-01-01,09:58:00,0.0
TXN00135,ACC0214,Payments,22797.1,2023-02-25,16:04:00,0.0
TXN00136,ACC0232,Fund Transfers,96828.35,2023-08-10,12:29:00,0.0
TXN00137,ACC0026,Withdraw,131184.0,2023-05-12,13:27:00,0.0
TXN00138,ACC0025,Deposit,1946.01,2023-03-22,10:21:00,30.0
TXN00139,ACC0229,Payments,143285.83,2023-05-24,09:23:00,30.0
TXN00140,ACC0047,Deposit,60416.24,2023-08-09,14:44:00,50.0
TXN00141,ACC0205,Payments,97502.55,2023-03-04,10:44:00,0.0
TXN00142,ACC0242,Withdraw,16005.11,2023-10-16,17:43:00,50.0
TXN00143,ACC0047,Payments,116985.06,2023-10-01,10:30:00,50.0
TXN00144,ACC0029,Payments,66382.84,2023-02-09,13:00:00,100.0
TXN00145,ACC0197,Withdraw,146695.39,2023-11-28,13:33:00,100.0
TXN00146,ACC0177,Deposit,65210.76,2023-12-08,15:22:00,50.0
TXN00147,ACC0039,Deposit,2240.91,2023-03-17,15:54:00,50.0
TXN00148,ACC0223,Withdraw,11692.35,2023-08-11,11:21:00,30.0
TXN00149,ACC0013,Withdraw,82799.09,2023-07-13,11:05:00,50.0
TXN00150,ACC0114,Payments,13658.97,2023-08-15,13:07:00,50.0
TXN00151,ACC0191,Deposit,15845.18,2023-07-02,16:35:00,0.0
TXN00152,ACC0212,Deposit,118871.6,2023-10-21,12:56:00,100.0
TXN00153,ACC0144,Withdraw,98362.1,2023-08-11,13:52:00,0.0
TXN00154,ACC0210,Withdraw,126725.46,2023-06-18,17:38:00,50.0
TXN00155,ACC0184,Fund Transfers,107529.07,2023-02-04,11:00:00,30.0
TXN00156,ACC0091,Fund Transfers,82379.74,2023-06-23,09:02:00,0.0
TXN00157,ACC0127,Withdraw,123364.88,2023-12-24,14:06:00,30.0
TXN00158,ACC0157,Withdraw,28537.74,2023-07-07,15:52:00,0.0
TXN00159,ACC0184,Fund Transfers,16610.98,2023-07-02,17:07:00,50.0
TXN00160,ACC0118,Withdraw,144596.29,2023-01-17,08:35:00,50.0
TXN00161,ACC0215,Payments,138693.45,2023-03-23,17:11:00,0.0
TXN00162,ACC0027,Payments,98799.51,2023-10-11,16:56:00,50.0
TXN00163,ACC0108,Withdraw,41402.58,2023-06-10,15:51:00,0.0
TXN00164,ACC0036,Payments,90577.41,2023-12-17,12:53:00,100.0
TXN00165,ACC0221,Fund Transfers,106925.22,2023-09-21,11:12:00,0.0
TXN00166,ACC0160,Fund Transfers,103148.39,2023-11-05,10:32:00,100.0
TXN00167,ACC0178,Fund Transfers,106697.73,2023-06-18,15:37:00,100.0
TXN00168,ACC0242,Payments,101299.4,2023-09-10,14:51:00,0.0
TXN00169,ACC0134,Deposit,4278.19,2023-03-02,08:12:00,30.0
TXN00170,ACC0193,Withdraw,147538.09,2023-11-09,10:53:00,0.0
TXN00171,ACC0177,Fund Transfers,30998.14,2023-09-02,13:52:00,50.0
TXN00172,ACC0027,Withdraw,111490.7,2023-09-13,11:32:00,30.0
TXN00173,ACC0178,Deposit,139009.48,2023-07-14,13:35:00,0.0
TXN00174,ACC0004,Fund Transfers,30861.54,2023-08-27,11:58:00,30.0
TXN00175,ACC0194,Withdraw,116533.94,2023-04-10,15:11:00,0.0
TXN00176,ACC0048,Withdraw,110394.38,2023-02-13,08:27:00,30.0
TXN00177,ACC0143,Fund Transfers,19944.95,2023-10-28,12:00:00,30.0
TXN00178,ACC0120,Withdraw,6471.12,2023-06-20,08:49:00,100.0
TXN00179,ACC0216,Fund Transfers,73837.37,2023-10-18,13:04:00,30.0
TXN00180,ACC0135,Withdraw,143569.66,2023-09-03,16:10:00,50.0
TXN00181,ACC0140,Payments,14245.86,2023-04-07,13:21:00,30.0
TXN00182,ACC0076,Withdraw,142571.09,2023-10-17,15:35:00,0.0
TXN00183,ACC0030,Fund Transfers,67127.25,2023-11-20,17:15:00,0.0
TXN00184,ACC0175,Fund Transfers,57515.2,2023-02-13,12:34:00,30.0
TXN00185,ACC0007,Fund Transfers,77389.2,2023-09-15,15:02:00,30.0
TXN00186,ACC0230,Withdraw,48386.76,2023-02-04,10:49:00,100.0
TXN00187,ACC0137,Deposit,94226.49,2023-04-22,11:55:00,50.0
TXN00188,ACC0214,Deposit,31234.15,2023-12-24,14:41:00,0.0
TXN00189,ACC0192,Withdraw,4051.07,2023-12-11,08:05:00,0.0
TXN00190,ACC0014,Withdraw,119235.11,2023-09-03,17:52:00,0.0
TXN00191,ACC0234,Fund Transfers,61441.1,2023-08-21,14:27:00,30.0
TXN00192,ACC0005,Payments,101158.16,2023-09-01,17:04:00,100.0
TXN00193,ACC0012,Deposit,53976.17,2023-09-04,12:50:00,30.0
TXN00194,ACC0156,Deposit,42586.86,2023-08-13,14:52:00,0.0
TXN00195,ACC0122,Withdraw,80253.43,2023-03-24,14:50:00,100.0
TXN00196,ACC0076,Withdraw,45059.45,2023-12-21,13:00:00,100.0
TXN00197,ACC0224,Withdraw,18923.66,2023-01-19,17:25:00,100.0
TXN00198,ACC0141,Deposit,46051.33,2023-12-24,13:13:00,50.0
TXN00199,ACC0232,Withdraw,24562.68,2023-04-20,12:12:00,0.0
TXN00200,ACC0047,,127782.46,2023-09-15,16:04:00,30.0
TXN00201,ACC0172,Deposit,37977.8,2023-04-24,17:31:00,30.0
TXN00202,ACC0092,Withdraw,100858.69,2023-04-04,12:39:00,0.0
TXN00203,ACC0231,Withdraw,48009.0,2023-08-11,17:42:00,30.0
TXN00204,ACC0178,Withdraw,85050.03,2023-06-26,13:27:00,0.0
TXN00205,ACC0002,Fund Transfers,37303.18,2023-04-23,14:17:00,30.0
TXN00206,ACC0035,Fund Transfers,131743.93,2023-08-15,13:49:00,30.0
TXN00207,ACC0125,Deposit,26777.64,2023-10-03,12:54:00,0.0
TXN00208,ACC0229,Withdraw,39853.58,2023-11-03,09:57:00,0.0
TXN00209,ACC0218,Deposit,121990.04,2023-10-13,17:13:00,0.0
TXN00210,ACC0142,Fund Transfers,81748.66,2023-09-16,10:23:00,50.0
TXN00211,ACC0058,Fund Transfers,20515.25,2023-09-17,09:25:00,30.0
TXN00212,ACC0129,Deposit,99570.43,2023-10-22,10:48:00,100.0
TXN00213,ACC0036,Payments,24303.75,2023-10-19,10:47:00,50.0
TXN00214,ACC0241,Fund Transfers,6542.76,2023-08-08,09:16:00,30.0
TXN00215,ACC0060,Deposit,100453.55,2023-09-26,13:24:00,50.0
TXN00216,ACC0235,Payments,132292.02,2023-01-21,13:06:00,100.0
TXN00217,ACC0163,Fund Transfers,125313.4,2023-05-19,16:36:00,0.0
TXN00218,ACC0097,Payments,55111.87,2023-11-27,09:33:00,30.0
TXN00219,ACC0097,Withdraw,77697.58,2023-06-27,13:31:00,50.0
TXN00220,ACC0228,Deposit,75524.63,2023-03-15,10:14:00,0.0
TXN00221,ACC0132,Fund Transfers,32121.81,2023-03-06,13:38:00,0.0
TXN00222,ACC0170,Withdraw,62484.75,2023-06-24,09:30:00,50.0
TXN00223,ACC0123,Withdraw,88823.24,2023-11-27,14:01:00,0.0
TXN00224,ACC0012,Withdraw,86236.23,2023-03-05,16:02:00,100.0
TXN00225,ACC0038,Deposit,25368.03,2023-03-17,14:38:00,100.0
TXN00226,ACC0164,Deposit,131837.09,2023-12-22,12:05:00,0.0
TXN00227,ACC0115,Payments,130161.71,2023-03-08,14:38:00,0.0
TXN00228,ACC0204,Withdraw,93670.15,2023-09-09,10:46:00,30.0
TXN00229,ACC0237,Payments,89681.74,2023-02-08,14:24:00,0.0
TXN00230,ACC0028,Deposit,30751.11,2023-09-22,14:52:00,0.0
TXN00231,ACC0156,Deposit,27024.62,2023-10-20,08:56:00,100.0
TXN00232,ACC0129,Deposit,14431.9,2023-11-05,17:34:00,0.0
TXN00233,ACC0230,Payments,78545.61,2023-06-28,08:44:00,100.0
TXN00234,ACC0110,Withdraw,140794.03,2023-08-26,14:22:00,100.0
TXN00235,ACC0206,Deposit,64110.66,2023-05-16,11:58:00,0.0
TXN00236,ACC0073,Payments,39041.84,2023-01-23,08:36:00,100.0
TXN00237,ACC0031,Deposit,56566.97,2023-04-23,13:26:00,30.0
TXN00238,ACC0028,Withdraw,64197.7,2023-10-09,12:54:00,100.0
TXN00239,ACC0109,Fund Transfers,91976.16,2023-11-13,11:26:00,100.0
TXN00240,ACC0201,Payments,27218.58,2023-09-18,15:16:00,30.0
TXN00241,ACC0148,Fund Transfers,116242.08,2023-07-24,10:54:00,0.0
TXN00242,ACC0192,Withdraw,67265.93,2023-12-06,09:13:00,100.0
TXN00243,ACC0103,Fund Transfers,120227.63,2023-10-23,08:10:00,50.0
TXN00244,ACC0247,Deposit,120753.22,2023-03-16,17:27:00,0.0
TXN00245,ACC0017,Fund Transfers,33654.65,2023-02-20,08:46:00,50.0
TXN00246,ACC0239,Payments,92287.86,2023-09-10,17:03:00,0.0
TXN00247,ACC0164,Payments,66126.32,2023-04-28,16:18:00,0.0
TXN00248,ACC0009,Withdraw,92470.9,2023-11-02,13:15:00,0.0
TXN00249,ACC0250,Withdraw,13483.0,2023-05-25,14:22:00,50.0
TXN00250,ACC0104,Withdraw,77902.53,2023-12-23,09:58:00,0.0
TXN00251,ACC0141,Fund Transfers,109057.74,2023-09-19,13:22:00,30.0
TXN00252,ACC0058,Withdraw,68486.47,2023-07-19,08:16:00,0.0
TXN00253,ACC0105,Deposit,84015.29,2023-09-10,13:07:00,100.0
TXN00254,ACC0245,Fund Transfers,131478.9,2023-10-09,15:24:00,100.0
TXN00255,ACC0124,Withdraw,113742.26,2023-08-22,15:57:00,100.0
TXN00256,ACC0221,Deposit,72554.54,2023-05-03,14:40:00,0.0
TXN00257,ACC0174,Withdraw,120124.13,2023-07-12,16:34:00,0.0
TXN00258,ACC0180,Fund Transfers,37614.51,2023-02-13,13:04:00,100.0
TXN00259,ACC0239,Withdraw,71745.04,2023-06-07,17:17:00,0.0
TXN00260,ACC0243,Withdraw,75100.4,2023-04-08,11:55:00,30.0
TXN00261,ACC0053,Withdraw,30813.6,2023-04-27,17:22:00,0.0
TXN00262,ACC0200,Deposit,18421.83,2023-02-22,15:39:00,0.0
TXN00263,ACC0196,Deposit,127277.58,2023-06-20,13:31:00,100.0
TXN00264,ACC0223,Fund Transfers,73875.4,2023-09-09,14:14:00,100.0
TXN00265,ACC0033,Deposit,79097.45,2023-07-16,16:02:00,100.0
TXN00266,ACC0089,Payments,129129.82,2023-03-15,09:44:00,100.0
TXN00267,ACC0118,Fund Transfers,103536.98,2023-01-22,11:24:00,100.0
TXN00268,ACC0026,Fund Transfers,54559.55,2023-05-06,16:16:00,0.0
TXN00269,ACC0069,Payments,143799.76,2023-06-12,10:31:00,50.0
TXN00270,ACC0054,Payments,105256.54,2023-06-12,14:17:00,50.0
TXN00271,ACC0047,Withdraw,146901.23,2023-11-08,09:46:00,30.0
TXN00272,ACC0206,Withdraw,83523.34,2023-07-07,10:51:00,0.0
TXN00273,ACC0122,Deposit,26902.79,2023-08-05,16:34:00,30.0
TXN00274,ACC0202,Payments,45355.11,2023-09-28,17:03:00,50.0
TXN00275,ACC0026,Withdraw,9475.44,2023-05-16,09:28:00,30.0
TXN00276,ACC0067,Fund Transfers,54365.83,2023-09-26,12:22:00,0.0
TXN00277,ACC0106,Deposit,52988.03,2023-11-20,11:36:00,100.0
TXN00278,ACC0167,Withdraw,146916.28,2023-05-12,13:43:00,100.0
TXN00279,ACC0125,Payments,133500.05,2023-07-20,12:29:00,0.0
TXN00280,ACC0223,Withdraw,96266.81,2023-06-14,17:36:00,50.0
TXN00281,ACC0218,Deposit,12327.23,2023-06-08,13:20:00,30.0
TXN00282,ACC0182,Fund Transfers,91005.05,2023-07-09,15:49:00,30.0
TXN00283,ACC0192,Payments,62391.36,2023-03-28,08:08:00,0.0
TXN00284,ACC0170,Fund Transfers,141095.38,2023-12-24,09:13:00,0.0
TXN00285,ACC0102,Deposit,14785.28,2023-08-18,08:01:00,50.0
TXN00286,ACC0135,Deposit,16037.3,2023-10-05,09:41:00,50.0
TXN00287,ACC0080,Withdraw,37485.78,2023-05-15,10:08:00,100.0
TXN00288,ACC0215,Withdraw,4771.41,2023-11-12,13:55:00,50.0
TXN00289,ACC0120,Fund Transfers,82507.52,2023-03-23,16:11:00,100.0
TXN00290,ACC0153,Payments,94841.6,2023-11-19,14:33:00,100.0
TXN00291,ACC0080,Fund Transfers,72506.93,2023-04-26,09:28:00,30.0
TXN00292,ACC0094,Payments,39341.15,2023-05-01,08:33:00,0.0
TXN00293,ACC0089,Fund Transfers,70645.09,2023-01-23,15:48:00,50.0
TXN00294,ACC0077,Deposit,114997.45,2023-05-20,11:50:00,0.0
TXN00295,ACC0141,Fund Transfers,28691.36,2023-09-14,14:15:00,0.0
TXN00296,ACC0184,Payments,124349.81,2023-04-09,09:27:00,0.0
TXN00297,ACC0133,Fund Transfers,43059.19,2023-12-18,12:26:00,0.0
TXN00298,ACC0219,Deposit,27769.87,2023-05-04,15:39:00,50.0
TXN00299,ACC0070,Payments,28574.52,2023-01-05,08:34:00,0.0
TXN00300,ACC0048,Deposit,-5000.0,2023-03-23,15:46:00,0.0
TXN00301,ACC0060,Deposit,23027.21,2023-08-07,13:26:00,30.0
TXN00302,ACC0202,Payments,149695.54,2023-08-23,08:21:00,0.0
TXN00303,ACC0216,Withdraw,8877.73,2023-07-03,16:30:00,0.0
TXN00304,ACC0050,Fund Transfers,122678.98,2023-01-04,11:24:00,50.0
TXN00305,ACC0064,Deposit,30277.39,2023-12-25,09:33:00,0.0
TXN00306,ACC0122,Payments,102375.63,2023-05-11,10:40:00,0.0
TXN00307,ACC0191,Deposit,38370.25,2023-11-10,11:23:00,0.0
TXN00308,ACC0222,Withdraw,146004.47,2023-04-21,14:20:00,0.0
TXN00309,ACC0043,Fund Transfers,87912.18,2023-07-26,11:00:00,0.0
TXN00310,ACC0149,Payments,103416.78,2023-03-12,09:15:00,0.0
TXN00311,ACC0128,Deposit,103048.72,2023-06-25,08:03:00,30.0
TXN00312,ACC0166,Withdraw,105348.56,2023-02-05,15:14:00,30.0
TXN00313,ACC0143,Fund Transfers,120926.04,2023-08-24,11:01:00,50.0
TXN00314,ACC0092,Withdraw,37979.09,2023-01-16,15:35:00,30.0
TXN00315,ACC0139,Payments,28871.49,2023-03-18,13:20:00,50.0
TXN00316,ACC0071,Withdraw,10797.05,2023-03-15,12:52:00,30.0
TXN00317,ACC0139,Fund Transfers,68384.81,2023-11-17,14:46:00,0.0
TXN00318,ACC0227,Deposit,93150.32,2023-06-25,17:15:00,30.0
TXN00319,ACC0185,Deposit,98914.27,2023-09-27,14:12:00,100.0
TXN00320,ACC0175,Payments,114977.25,2023-03-20,12:20:00,50.0
TXN00321,ACC0165,Fund Transfers,17014.39,2023-09-22,09:02:00,0.0
TXN00322,ACC0046,Deposit,30710.81,2023-08-07,09:02:00,100.0
TXN00323,ACC0165,Payments,98859.23,2023-09-20,17:16:00,0.0
TXN00324,ACC0094,Withdraw,91090.07,2023-02-01,11:41:00,50.0
TXN00325,ACC0238,Deposit,70474.84,2023-11-02,13:35:00,50.0
TXN00326,ACC0211,Fund Transfers,119240.31,2023-01-27,17:17:00,100.0
TXN00327,ACC0011,Deposit,125251.25,2023-02-07,16:06:00,0.0
TXN00328,ACC0186,Withdraw,79983.33,2023-04-07,16:42:00,0.0
TXN00329,ACC0146,Withdraw,83984.31,2023-09-14,09:49:00,100.0
TXN00330,ACC0092,Payments,105531.29,2023-07-04,10:50:00,0.0
TXN00331,ACC0141,Payments,75951.57,2023-11-06,16:38:00,50.0
TXN00332,ACC0239,Fund Transfers,135421.5,2023-09-11,13:26:00,50.0
TXN00333,ACC0212,Fund Transfers,91457.8,2023-10-18,11:24:00,100.0
TXN00334,ACC0238,Fund Transfers,54321.28,2023-08-15,14:00:00,0.0
TXN00335,ACC0073,Deposit,77882.6,2023-05-01,12:14:00,0.0
TXN00336,ACC0220,Fund Transfers,3744.36,2023-12-27,12:58:00,100.0
TXN00337,ACC0131,Withdraw,14595.93,2023-08-12,10:08:00,30.0
TXN00338,ACC0094,Withdraw,35332.63,2023-05-03,17:25:00,100.0
TXN00339,ACC0235,Withdraw,110272.76,2023-12-11,15:11:00,50.0
TXN00340,ACC0212,Deposit,89487.06,2023-05-02,17:24:00,0.0
TXN00341,ACC0200,Deposit,138319.79,2023-06-12,14:26:00,0.0
TXN00342,ACC0223,Withdraw,112277.96,2023-10-01,14:03:00,30.0
TXN00343,ACC0135,Deposit,48237.82,2023-10-05,13:32:00,0.0
TXN00344,ACC0040,Deposit,101208.47,2023-07-15,17:36:00,100.0
TXN00345,ACC0024,Withdraw,65074.38,2023-07-05,10:21:00,0.0
TXN00346,ACC0122,Deposit,82448.78,2023-05-03,14:32:00,50.0
TXN00347,ACC0199,Withdraw,114423.92,2023-08-18,11:31:00,50.0
TXN00348,ACC0167,Withdraw,84394.56,2023-12-17,11:15:00,0.0
TXN00349,ACC0069,Payments,48850.04,2023-10-03,09:42:00,50.0
TXN00350,ACC0109,Fund Transfers,52572.02,2023-06-12,17:41:00,0.0
TXN00351,ACC0198,Fund Transfers,25803.66,2023-06-20,15:39:00,0.0
TXN00352,ACC0113,Deposit,138669.87,2023-04-07,13:09:00,0.0
TXN00353,ACC0029,Deposit,36835.72,2023-10-05,12:00:00,30.0
TXN00354,ACC0178,Deposit,46115.15,2023-08-01,13:13:00,100.0
TXN00355,ACC0055,Withdraw,82190.42,2023-05-18,15:39:00,0.0
TXN00356,ACC0178,Deposit,56802.7,2023-11-17,08:16:00,0.0
TXN00357,ACC0016,Fund Transfers,30504.06,2023-12-20,12:03:00,50.0
TXN00358,ACC0168,Deposit,10456.37,2023-11-09,13:55:00,0.0
TXN00359,ACC0005,Fund Transfers,130177.86,2023-11-13,11:24:00,100.0
TXN00360,ACC0182,Deposit,135628.87,2023-08-28,17:34:00,0.0
TXN00361,ACC0048,Withdraw,75347.3,2023-08-18,08:02:00,0.0
TXN00362,ACC0237,Fund Transfers,50368.66,2023-07-24,10:01:00,30.0
TXN00363,ACC0176,Fund Transfers,53629.03,2023-05-08,16:17:00,0.0
TXN00364,ACC0161,Fund Transfers,131862.25,2023-01-18,12:14:00,0.0
TXN00365,ACC0088,Payments,98711.3,2023-02-24,14:33:00,100.0
TXN00366,ACC0224,Withdraw,62891.33,2023-10-05,14:19:00,100.0
TXN00367,ACC0085,Payments,81563.95,2023-04-21,10:37:00,100.0
TXN00368,ACC0176,Withdraw,129456.86,2023-05-23,16:58:00,0.0
TXN00369,ACC0111,Withdraw,98606.65,2023-10-06,13:04:00,100.0
TXN00370,ACC0137,Deposit,28028.21,2023-03-24,08:48:00,30.0
TXN00371,ACC0226,Payments,144198.83,2023-05-15,12:09:00,0.0
TXN00372,ACC0028,Withdraw,28119.6,2023-10-20,12:38:00,100.0
TXN00373,ACC0157,Withdraw,89655.92,2023-04-22,08:22:00,0.0
TXN00374,ACC0177,Payments,20545.95,2023-10-16,13:11:00,50.0
TXN00375,ACC0126,Payments,21058.15,2023-04-08,08:26:00,0.0
TXN00376,ACC0237,Fund Transfers,142554.61,2023-04-24,11:48:00,0.0
TXN00377,ACC0017,Withdraw,139101.93,2023-08-28,17:31:00,30.0
TXN00378,ACC0222,Payments,133194.24,2023-07-13,08:38:00,50.0
TXN00379,ACC0185,Fund Transfers,59425.53,2023-12-19,17:34:00,100.0
TXN00380,ACC0165,Deposit,78337.04,2023-08-15,08:56:00,0.0
TXN00381,ACC0133,Payments,147582.68,2023-01-18,14:33:00,0.0
TXN00382,ACC0049,Fund Transfers,66213.3,2023-05-25,12:29:00,0.0
TXN00383,ACC0109,Fund Transfers,92163.57,2023-01-23,16:57:00,0.0
TXN00384,ACC0119,Payments,14020.9,2023-09-04,10:49:00,100.0
TXN00385,ACC0241,Withdraw,59263.47,2023-06-15,08:11:00,50.0
TXN00386,ACC0152,Withdraw,132440.99,2023-02-09,13:44:00,0.0
TXN00387,ACC0184,Deposit,14133.09,2023-12-15,13:05:00,100.0
TXN00388,ACC0182,Payments,109167.64,2023-09-20,10:24:00,100.0
TXN00389,ACC0098,Deposit,115354.92,2023-06-19,10:10:00,0.0
TXN00390,ACC0046,Deposit,63227.46,2023-05-24,15:18:00,0.0
TXN00391,ACC0031,Withdraw,144084.86,2023-01-20,12:00:00,50.0
TXN00392,ACC0128,Payments,81753.42,2023-01-20,15:15:00,0.0
TXN00393,ACC0151,Payments,68333.9,2023-08-03,17:38:00,0.0
TXN00394,ACC0063,Fund Transfers,93155.02,2023-09-27,11:03:00,0.0
TXN00395,ACC0038,Deposit,98164.89,2023-01-05,08:42:00,100.0
TXN00396,ACC0215,Fund Transfers,50001.11,2023-02-02,09:26:00,0.0
TXN00397,ACC0042,Fund Transfers,91857.92,2023-12-23,17:36:00,100.0
TXN00398,ACC0046,Payments,112525.55,2023-06-02,09:49:00,30.0
TXN00399,ACC0083,Fund Transfers,134680.7,2023-02-25,14:53:00,100.0
TXN00400,ACC0017,Fund Transfers,999999999.0,2023-02-23,12:21:00,100.0
TXN00401,ACC0106,Withdraw,104526.51,2023-10-02,09:36:00,100.0
TXN00402,ACC0023,Payments,108749.08,2023-10-26,12:27:00,100.0
TXN00403,ACC0218,Fund Transfers,39319.18,2023-10-20,13:59:00,0.0
TXN00404,ACC0158,Payments,78196.02,2023-11-16,15:51:00,0.0
TXN00405,ACC0227,Withdraw,106433.77,2023-04-01,09:01:00,50.0
TXN00406,ACC0161,Deposit,110751.52,2023-04-26,17:26:00,50.0
TXN00407,ACC0012,Fund Transfers,52772.68,2023-11-07,08:40:00,0.0
TXN00408,ACC0177,Fund Transfers,38535.42,2023-02-10,12:32:00,100.0
TXN00409,ACC0083,Deposit,17518.6,2023-06-11,14:46:00,100.0
TXN00410,ACC0158,Deposit,124890.39,2023-04-11,13:59:00,50.0
TXN00411,ACC0235,Payments,119689.53,2023-11-05,15:09:00,50.0
TXN00412,ACC0229,Fund Transfers,69639.28,2023-07-24,08:53:00,100.0
TXN00413,ACC0077,Fund Transfers,83498.99,2023-01-07,17:43:00,30.0
TXN00414,ACC0205,Fund Transfers,10398.85,2023-03-09,08:21:00,50.0
TXN00415,ACC0161,Withdraw,85861.76,2023-07-06,17:07:00,30.0
TXN00416,ACC0181,Fund Transfers,106621.08,2023-05-14,09:31:00,0.0
TXN00417,ACC0096,Payments,124503.89,2023-05-07,16:19:00,0.0
TXN00418,ACC0029,Fund Transfers,117849.13,2023-04-03,15:32:00,0.0
TXN00419,ACC0205,Payments,135790.89,2023-03-07,13:59:00,50.0
TXN00420,ACC0188,Fund Transfers,116442.21,2023-03-25,09:52:00,100.0
TXN00421,ACC0174,Withdraw,31175.47,2023-01-15,14:45:00,100.0
TXN00422,ACC0030,Deposit,46991.71,2023-01-22,17:55:00,0.0
TXN00423,ACC0086,Payments,133433.29,2023-02-17,12:01:00,100.0
TXN00424,ACC0195,Fund Transfers,96008.2,2023-04-11,11:12:00,30.0
TXN00425,ACC0071,Fund Transfers,116031.67,2023-11-04,12:09:00,0.0
TXN00426,ACC0071,Deposit,2780.88,2023-10-18,16:06:00,0.0
TXN00427,ACC0139,Fund Transfers,82630.17,2023-05-05,12:36:00,0.0
TXN00428,ACC0044,Deposit,47050.95,2023-06-18,15:03:00,0.0
TXN00429,ACC0008,Payments,135542.21,2023-01-04,14:03:00,0.0
TXN00430,ACC0110,Payments,27257.96,2023-10-19,15:39:00,30.0
TXN00431,ACC0080,Fund Transfers,122707.58,2023-12-25,16:05:00,50.0
TXN00432,ACC0146,Withdraw,14390.97,2023-12-15,09:29:00,30.0
TXN00433,ACC0176,Payments,70846.61,2023-04-05,17:16:00,30.0
TXN00434,ACC0101,Withdraw,105092.39,2023-11-11,13:29:00,50.0
TXN00435,ACC0008,Deposit,71562.49,2023-06-16,15:54:00,0.0
TXN00436,ACC0073,Fund Transfers,90863.81,2023-03-17,09:25:00,0.0
TXN00437,ACC0084,Deposit,118968.43,2023-09-15,14:37:00,50.0
TXN00438,ACC0062,Withdraw,82418.38,2023-08-13,09:21:00,0.0
TXN00439,ACC0209,Payments,117754.94,2023-07-19,13:34:00,0.0
TXN00440,ACC0045,Deposit,111035.37,2023-12-19,15:07:00,100.0
TXN00441,ACC0153,Payments,49144.03,2023-02-27,15:11:00,30.0
TXN00442,ACC0245,Payments,10906.34,2023-02-22,17:49:00,50.0
TXN00443,ACC0084,Payments,96925.87,2023-01-03,11:52:00,0.0
TXN00444,ACC0228,Deposit,113683.12,2023-11-05,15:34:00,30.0
TXN00445,ACC0100,Payments,29752.16,2023-11-11,12:36:00,30.0
TXN00446,ACC0236,Payments,107809.79,2023-06-03,17:00:00,100.0
TXN00447,ACC0131,Payments,127221.69,2023-05-02,13:57:00,100.0
TXN00448,ACC0248,Deposit,626.08,2023-09-27,13:07:00,30.0
TXN00449,ACC0222,Deposit,35668.55,2023-12-19,14:40:00,30.0
TXN00450,ACC0183,Payments,61201.88,2023-07-18,11:42:00,0.0
TXN00451,ACC0122,Withdraw,28639.91,2023-07-27,13:53:00,50.0
TXN00452,ACC0040,Fund Transfers,149619.68,2023-11-05,10:00:00,0.0
TXN00453,ACC0166,Deposit,22027.39,2023-08-22,14:08:00,0.0
TXN00454,ACC0036,Payments,129092.84,2023-12-20,14:39:00,0.0
TXN00455,ACC0117,Payments,83031.48,2023-08-13,13:14:00,0.0
TXN00456,ACC0109,Deposit,86901.81,2023-12-08,16:17:00,50.0
TXN00457,ACC0238,Fund Transfers,5502.55,2023-01-19,15:45:00,30.0
TXN00458,ACC0029,Payments,144279.79,2023-02-05,16:54:00,30.0
TXN00459,ACC0120,Deposit,78741.84,2023-10-03,11:30:00,0.0
TXN00460,ACC0176,Fund Transfers,92149.35,2023-06-18,08:30:00,50.0
TXN00461,ACC0132,Payments,86307.81,2023-06-14,13:51:00,30.0
TXN00462,ACC0075,Withdraw,5781.27,2023-10-24,12:46:00,100.0
TXN00463,ACC0067,Deposit,94580.36,2023-10-06,17:03:00,30.0
TXN00464,ACC0208,Deposit,43378.94,2023-02-05,16:04:00,30.0
TXN00465,ACC0065,Withdraw,92561.77,2023-05-28,12:00:00,0.0
TXN00466,ACC0155,Withdraw,136564.66,2023-12-05,15:23:00,0.0
TXN00467,ACC0067,Withdraw,72995.32,2023-09-28,08:21:00,0.0
TXN00468,ACC0248,Withdraw,89533.84,2023-03-27,15:48:00,50.0
TXN00469,ACC0198,Payments,36073.14,2023-08-24,10:13:00,100.0
TXN00470,ACC0188,Fund Transfers,8621.71,2023-05-25,09:03:00,0.0
TXN00471,ACC0119,Payments,71696.68,2023-08-24,16:14:00,50.0
TXN00472,ACC0175,Payments,71451.14,2023-03-17,14:00:00,30.0
TXN00473,ACC0238,Payments,57609.61,2023-06-17,08:06:00,100.0
TXN00474,ACC0164,Fund Transfers,143449.46,2023-07-20,12:21:00,30.0
TXN00475,ACC0069,Deposit,38673.92,2023-10-13,15:49:00,0.0
TXN00476,ACC0188,Withdraw,78232.87,2023-11-23,10:20:00,100.0
TXN00477,ACC0003,Deposit,124837.58,2023-01-14,09:33:00,0.0
TXN00478,ACC0176,Payments,53051.7,2023-12-10,12:12:00,0.0
TXN00479,ACC0007,Deposit,9003.85,2023-10-22,11:38:00,0.0
TXN00480,ACC0182,Deposit,13414.76,2023-10-05,14:42:00,100.0
TXN00481,ACC0206,Withdraw,134452.24,2023-12-06,12:18:00,50.0
TXN00482,ACC0170,Deposit,95997.69,2023-05-25,14:44:00,30.0
TXN00483,ACC0066,Withdraw,117219.33,2023-05-25,08:24:00,50.0
TXN00484,ACC0086,Deposit,39106.67,2023-05-06,15:04:00,50.0
TXN00485,ACC0238,Withdraw,91740.13,2023-03-21,15:06:00,0.0
TXN00486,ACC0139,Payments,33148.78,2023-11-04,15:45:00,30.0
TXN00487,ACC0027,Deposit,11401.47,2023-10-24,12:49:00,50.0
TXN00488,ACC0005,Payments,22753.71,2023-11-01,08:42:00,50.0
TXN00489,ACC0069,Withdraw,105158.25,2023-07-19,08:32:00,50.0
TXN00490,ACC0123,Payments,60884.96,2023-12-25,09:34:00,0.0
TXN00491,ACC0001,Payments,143146.22,2023-08-04,17:34:00,30.0
TXN00492,ACC0086,Fund Transfers,60391.91,2023-11-21,09:23:00,100.0
TXN00493,ACC0219,Fund Transfers,12528.29,2023-08-25,12:41:00,0.0
TXN00494,ACC0046,Deposit,145143.19,2023-11-07,12:44:00,50.0
TXN00495,ACC0230,Deposit,94777.25,2023-06-16,09:56:00,50.0
TXN00496,ACC0189,Withdraw,21421.47,2023-04-01,17:15:00,50.0
TXN00497,ACC0100,Deposit,119014.51,2023-11-10,15:34:00,50.0
TXN00498,ACC0248,Deposit,6037.88,2023-01-11,08:25:00,0.0
TXN00499,ACC0055,Payments,141043.42,2023-09-05,17:14:00,0.0
TXN00500,ACC9999,Withdraw,73589.76,2023-01-16,17:02:00,0.0
TXN00501,ACC0180,Withdraw,2647.6,2023-11-02,12:52:00,0.0
TXN00502,ACC0117,Withdraw,125385.15,2023-02-27,09:07:00,50.0
TXN00503,ACC0153,Withdraw,9934.96,2023-04-14,13:51:00,50.0
TXN00504,ACC0084,Deposit,146390.06,2023-10-18,10:20:00,0.0
TXN00505,ACC0196,Deposit,89166.25,2023-06-03,09:17:00,0.0
TXN00506,ACC0194,Payments,25623.6,2023-06-18,10:28:00,0.0
TXN00507,ACC0237,Deposit,20438.95,2023-11-20,14:49:00,0.0
TXN00508,ACC0005,Payments,12568.03,2023-01-06,09:45:00,100.0
TXN00509,ACC0228,Fund Transfers,62725.23,2023-08-23,10:13:00,0.0
TXN00510,ACC0164,Fund Transfers,78701.49,2023-07-08,10:39:00,0.0
TXN00511,ACC0153,Withdraw,107721.21,2023-10-03,12:22:00,50.0
TXN00512,ACC0002,Withdraw,29189.48,2023-09-04,17:23:00,100.0
TXN00513,ACC0130,Withdraw,69900.29,2023-11-22,11:17:00,0.0
TXN00514,ACC0050,Deposit,119593.64,2023-11-28,15:31:00,0.0
TXN00515,ACC0041,Deposit,8577.13,2023-06-10,11:27:00,30.0
TXN00516,ACC0086,Payments,6975.96,2023-12-02,16:11:00,0.0
TXN00517,ACC0202,Deposit,73016.68,2023-02-03,11:46:00,50.0
TXN00518,ACC0152,Fund Transfers,63150.41,2023-12-22,13:14:00,0.0
TXN00519,ACC0084,Withdraw,15160.59,2023-12-14,11:24:00,0.0
TXN00520,ACC0019,Payments,87971.29,2023-01-14,10:13:00,100.0
TXN00521,ACC0117,Withdraw,58405.88,2023-03-15,11:40:00,30.0
TXN00522,ACC0250,Fund Transfers,30730.53,2023-03-02,17:03:00,30.0
TXN00523,ACC0035,Deposit,127821.88,2023-08-14,10:48:00,30.0
TXN00524,ACC0057,Fund Transfers,90743.58,2023-11-20,10:36:00,100.0
TXN00525,ACC0219,Withdraw,13427.91,2023-09-16,11:37:00,50.0
TXN00526,ACC0215,Payments,42236.05,2023-12-14,11:15:00,30.0
TXN00527,ACC0112,Withdraw,133827.48,2023-10-05,17:57:00,0.0
TXN00528,ACC0107,Deposit,6488.77,2023-08-24,16:02:00,50.0
TXN00529,ACC0136,Payments,72150.77,2023-12-27,09:28:00,50.0
TXN00530,ACC0062,Deposit,83993.8,2023-01-23,14:13:00,0.0
TXN00531,ACC0092,Fund Transfers,36239.83,2023-02-01,15:42:00,30.0
TXN00532,ACC0042,Payments,128759.36,2023-12-19,08:29:00,50.0
TXN00533,ACC0198,Withdraw,131192.76,2023-07-06,13:40:00,50.0
TXN00534,ACC0181,Deposit,129127.21,2023-02-13,13:33:00,0.0
TXN00535,ACC0076,Payments,113056.76,2023-12-20,16:36:00,0.0
TXN00536,ACC0202,Deposit,93258.05,2023-06-24,08:32:00,30.0
TXN00537,ACC0228,Deposit,17089.5,2023-06-15,17:02:00,30.0
TXN00538,ACC0094,Withdraw,97401.81,2023-12-03,16:45:00,0.0
TXN00539,ACC0036,Fund Transfers,36175.59,2023-02-21,15:47:00,100.0
TXN00540,ACC0224,Withdraw,113099.44,2023-04-11,13:57:00,30.0
TXN00541,ACC0129,Payments,41933.23,2023-02-12,13:28:00,50.0
TXN00542,ACC0129,Deposit,70789.5,2023-09-22,16:57:00,30.0
TXN00543,ACC0116,Fund Transfers,120085.63,2023-12-26,09:12:00,50.0
TXN00544,ACC0023,Deposit,58907.03,2023-03-10,09:06:00,0.0
TXN00545,ACC0071,Deposit,104713.78,2023-08-05,11:33:00,0.0
TXN00546,ACC0076,Payments,145451.4,2023-09-05,15:22:00,50.0
TXN00547,ACC0114,Deposit,44081.76,2023-02-01,11:53:00,100.0
TXN00548,ACC0166,Fund Transfers,62047.91,2023-06-21,13:31:00,100.0
TXN00549,ACC0171,Payments,68972.06,2023-10-05,12:10:00,30.0
TXN00550,ACC0059,Payments,56099.4,2023-05-25,08:09:00,30.0
TXN00551,ACC0073,Payments,143453.97,2023-10-06,16:18:00,0.0
TXN00552,ACC0250,Withdraw,125980.09,2023-12-22,10:10:00,0.0
TXN00553,ACC0030,Deposit,149069.07,2023-10-05,15:16:00,30.0
TXN00554,ACC0048,Withdraw,84591.84,2023-01-22,13:22:00,0.0
TXN00555,ACC0096,Payments,81210.06,2023-03-18,12:07:00,0.0
TXN00556,ACC0104,Payments,115393.47,2023-08-11,10:00:00,100.0
TXN00557,ACC0250,Fund Transfers,97262.97,2023-05-16,12:48:00,100.0
TXN00558,ACC0171,Withdraw,120036.64,2023-12-15,13:44:00,0.0
TXN00559,ACC0188,Payments,135076.08,2023-03-22,16:07:00,30.0
TXN00560,ACC0007,Payments,92819.54,2023-04-15,13:05:00,30.0
TXN00561,ACC0015,Withdraw,87723.0,2023-04-26,12:12:00,0.0
TXN00562,ACC0022,Payments,101720.98,2023-02-17,14:12:00,50.0
TXN00563,ACC0082,Deposit,136312.82,2023-06-13,10:45:00,50.0
TXN00564,ACC0095,Payments,56238.26,2023-05-12,13:19:00,50.0
TXN00565,ACC0224,Deposit,32746.43,2023-08-24,14:51:00,50.0
TXN00566,ACC0074,Withdraw,120948.08,2023-07-24,14:08:00,100.0
TXN00567,ACC0154,Deposit,21974.07,2023-05-16,16:21:00,0.0
TXN00568,ACC0239,Payments,13723.02,2023-07-21,12:26:00,0.0
TXN00569,ACC0143,Payments,106681.93,2023-03-07,10:53:00,50.0
TXN00570,ACC0075,Payments,6813.82,2023-05-27,17:19:00,50.0
TXN00571,ACC0144,Payments,34065.77,2023-01-05,12:19:00,50.0
TXN00572,ACC0032,Fund Transfers,62864.94,2023-08-23,11:01:00,0.0
TXN00573,ACC0196,Fund Transfers,74211.01,2023-02-20,13:37:00,50.0
TXN00574,ACC0145,Payments,130317.71,2023-11-22,15:44:00,0.0
TXN00575,ACC0096,Deposit,126869.37,2023-03-19,08:09:00,30.0
TXN00576,ACC0119,Withdraw,53929.13,2023-01-09,13:26:00,30.0
TXN00577,ACC0013,Fund Transfers,44103.78,2023-11-03,16:12:00,0.0
TXN00578,ACC0196,Deposit,90014.99,2023-03-18,13:55:00,30.0
TXN00579,ACC0212,Fund Transfers,41083.12,2023-12-23,13:06:00,100.0
TXN00580,ACC0149,Fund Transfers,123585.57,2023-01-05,16:18:00,30.0
TXN00581,ACC0200,Payments,62093.18,2023-03-04,11:09:00,100.0
TXN00582,ACC0057,Withdraw,119368.46,2023-09-20,16:54:00,100.0
TXN00583,ACC0183,Deposit,62893.27,2023-02-04,10:59:00,0.0
TXN00584,ACC0123,Fund Transfers,47080.23,2023-06-05,15:56:00,100.0
TXN00585,ACC0134,Fund Transfers,26244.97,2023-05-01,09:14:00,0.0
TXN00586,ACC0220,Withdraw,103363.05,2023-05-05,11:08:00,0.0
TXN00587,ACC0109,Deposit,12121.43,2023-08-25,14:02:00,0.0
TXN00588,ACC0028,Deposit,119061.75,2023-09-19,08:30:00,0.0
TXN00589,ACC0233,Fund Transfers,6970.58,2023-05-22,08:48:00,0.0
TXN00590,ACC0201,Deposit,138054.66,2023-04-19,11:11:00,30.0
TXN00591,ACC0008,Deposit,22260.77,2023-12-09,17:22:00,30.0
TXN00592,ACC0042,Withdraw,75983.93,2023-02-04,17:48:00,0.0
TXN00593,ACC0136,Withdraw,107513.84,2023-05-06,16:00:00,0.0
TXN00594,ACC0237,Withdraw,138111.34,2023-12-16,13:44:00,100.0
TXN00595,ACC0048,Payments,101192.09,2023-02-06,13:24:00,50.0
TXN00596,ACC0055,Withdraw,61432.91,2023-06-04,15:07:00,100.0
TXN00597,ACC0035,Payments,114459.92,2023-12-10,16:46:00,0.0
TXN00598,ACC0022,Fund Transfers,74310.06,2023-07-10,15:38:00,30.0
TXN00599,ACC0176,Payments,34268.08,2023-07-10,14:12:00,0.0
TXN00600,ACC0230,Payments,140892.76,2023-06-06,08:43:00,-100.0
TXN00601,ACC0173,Deposit,59757.28,2023-09-22,09:07:00,0.0
TXN00602,ACC0102,Payments,104408.05,2023-02-24,10:04:00,30.0
TXN00603,ACC0250,Withdraw,51125.43,2023-10-28,14:07:00,0.0
TXN00604,ACC0215,Payments,108917.47,2023-05-25,17:37:00,30.0
TXN00605,ACC0194,Payments,53736.55,2023-11-20,14:31:00,100.0
TXN00606,ACC0072,Withdraw,115315.93,2023-02-04,12:31:00,50.0
TXN00607,ACC0060,Withdraw,4943.67,2023-12-02,09:31:00,0.0
TXN00608,ACC0249,Withdraw,57703.63,2023-11-11,10:19:00,100.0
TXN00609,ACC0160,Deposit,114145.63,2023-11-25,16:49:00,50.0
TXN00610,ACC0203,Payments,30688.8,2023-11-16,15:32:00,30.0
TXN00611,ACC0139,Fund Transfers,121517.5,2023-09-18,08:48:00,0.0
TXN00612,ACC0111,Deposit,57852.67,2023-06-28,14:28:00,50.0
TXN00613,ACC0010,Deposit,26941.94,2023-11-28,12:56:00,0.0
TXN00614,ACC0126,Payments,20605.99,2023-12-13,15:48:00,0.0
TXN00615,ACC0146,Payments,99181.75,2023-11-18,17:30:00,50.0
TXN00616,ACC0144,Withdraw,76249.41,2023-07-09,15:37:00,50.0
TXN00617,ACC0158,Fund Transfers,115087.38,2023-05-11,08:01:00,100.0
TXN00618,ACC0012,Withdraw,125621.66,2023-06-26,17:01:00,30.0
TXN00619,ACC0098,Deposit,64508.15,2023-06-14,13:03:00,0.0
TXN00620,ACC0064,Withdraw,97388.38,2023-10-03,09:55:00,30.0
TXN00621,ACC0030,Fund Transfers,25882.0,2023-09-11,08:29:00,50.0
TXN00622,ACC0146,Payments,40359.52,2023-12-16,17:01:00,30.0
TXN00623,ACC0097,Payments,48701.99,2023-02-26,15:06:00,0.0
TXN00624,ACC0087,Payments,75663.89,2023-11-11,10:39:00,30.0
TXN00625,ACC0094,Payments,30662.91,2023-11-28,09:53:00,100.0
TXN00626,ACC0055,Fund Transfers,40140.69,2023-05-19,14:51:00,0.0
TXN00627,ACC0160,Deposit,107797.17,2023-10-04,17:21:00,30.0
TXN00628,ACC0018,Payments,64352.33,2023-06-26,09:41:00,30.0
TXN00629,ACC0130,Fund Transfers,65220.12,2023-09-11,11:26:00,50.0
TXN00630,ACC0065,Payments,100898.26,2023-09-06,08:40:00,100.0
TXN00631,ACC0221,Withdraw,86738.07,2023-04-22,15:17:00,100.0
TXN00632,ACC0208,Payments,140228.07,2023-12-21,08:33:00,0.0
TXN00633,ACC0094,Payments,22587.68,2023-03-24,12:54:00,50.0
TXN00634,ACC0106,Fund Transfers,129097.8,2023-02-21,11:54:00,50.0
TXN00635,ACC0069,Fund Transfers,97083.38,2023-05-22,17:15:00,50.0
TXN00636,ACC0062,Deposit,22919.36,2023-01-08,12:29:00,50.0
TXN00637,ACC0144,Payments,63591.86,2023-01-07,10:17:00,0.0
TXN00638,ACC0008,Fund Transfers,118555.64,2023-05-22,16:11:00,0.0
TXN00639,ACC0247,Payments,117443.94,2023-01-28,09:20:00,100.0
TXN00640,ACC0077,Deposit,135135.95,2023-07-12,09:25:00,0.0
TXN00641,ACC0061,Deposit,85860.52,2023-09-04,16:42:00,100.0
TXN00642,ACC0244,Fund Transfers,74719.44,2023-02-08,17:07:00,30.0
TXN00643,ACC0085,Payments,120973.32,2023-12-08,14:13:00,0.0
TXN00644,ACC0028,Withdraw,32509.24,2023-05-15,14:16:00,100.0
TXN00645,ACC0015,Payments,80253.76,2023-12-04,13:34:00,50.0
TXN00646,ACC0122,Withdraw,144515.64,2023-03-12,15:45:00,30.0
TXN00647,ACC0211,Fund Transfers,3650.59,2023-10-02,08:44:00,0.0
TXN00648,ACC0065,Payments,46735.64,2023-12-12,09:34:00,0.0
TXN00649,ACC0220,Payments,58576.42,2023-07-09,12:05:00,0.0
TXN00650,ACC0077,Withdraw,128982.8,2023-03-15,13:56:00,50.0
TXN00651,ACC0203,Deposit,41468.46,2023-02-27,15:30:00,50.0
TXN00652,ACC0238,Fund Transfers,107749.21,2023-02-27,10:44:00,30.0
TXN00653,ACC0130,Deposit,53102.52,2023-10-24,16:47:00,30.0
TXN00654,ACC0117,Deposit,114415.33,2023-11-21,10:40:00,50.0
TXN00655,ACC0203,Withdraw,959.83,2023-04-21,12:20:00,100.0
TXN00656,ACC0022,Deposit,24094.45,2023-09-23,10:54:00,100.0
TXN00657,ACC0176,Payments,119000.02,2023-06-15,15:55:00,0.0
TXN00658,ACC0067,Withdraw,103276.3,2023-06-26,12:12:00,0.0
TXN00659,ACC0107,Fund Transfers,27692.44,2023-07-27,17:14:00,0.0
TXN00660,ACC0243,Deposit,138505.3,2023-11-20,11:58:00,0.0
TXN00661,ACC0250,Payments,30140.8,2023-12-28,10:03:00,50.0
TXN00662,ACC0159,Payments,90258.71,2023-03-03,13:10:00,100.0
TXN00663,ACC0031,Deposit,107928.22,2023-07-25,15:52:00,50.0
TXN00664,ACC0031,Withdraw,107177.77,2023-04-28,12:18:00,50.0
TXN00665,ACC0098,Withdraw,64980.63,2023-04-20,11:52:00,30.0
TXN00666,ACC0187,Withdraw,63040.48,2023-07-26,10:01:00,30.0
TXN00667,ACC0250,Fund Transfers,35705.1,2023-08-08,13:37:00,50.0
TXN00668,ACC0022,Deposit,70597.8,2023-06-23,14:43:00,0.0
TXN00669,ACC0183,Payments,106413.75,2023-12-20,12:04:00,0.0
TXN00670,ACC0143,Deposit,8290.84,2023-04-16,13:38:00,100.0
TXN00671,ACC0182,Deposit,1301.47,2023-09-20,14:19:00,50.0
TXN00672,ACC0172,Fund Transfers,20269.62,2023-09-02,17:11:00,30.0
TXN00673,ACC0044,Payments,139583.88,2023-08-05,09:20:00,100.0
TXN00674,ACC0111,Withdraw,39430.7,2023-06-02,10:31:00,30.0
TXN00675,ACC0192,Fund Transfers,138972.44,2023-05-09,17:53:00,30.0
TXN00676,ACC0133,Fund Transfers,65648.42,2023-03-11,15:48:00,0.0
TXN00677,ACC0143,Payments,8456.72,2023-03-02,11:11:00,0.0
TXN00678,ACC0121,Fund Transfers,24951.47,2023-08-14,09:57:00,50.0
TXN00679,ACC0011,Payments,53799.76,2023-12-18,15:29:00,50.0
TXN00680,ACC0029,Withdraw,18986.31,2023-02-07,12:11:00,0.0
TXN00681,ACC0192,Fund Transfers,84705.48,2023-11-19,11:37:00,0.0
TXN00682,ACC0135,Withdraw,62754.64,2023-02-08,15:43:00,0.0
TXN00683,ACC0228,Fund Transfers,4381.34,2023-11-22,09:25:00,30.0
TXN00684,ACC0152,Deposit,125628.09,2023-03-01,09:29:00,50.0
TXN00685,ACC0117,Fund Transfers,89333.54,2023-01-11,08:41:00,100.0
TXN00686,ACC0244,Payments,49074.86,2023-12-24,17:08:00,0.0
TXN00687,ACC0221,Deposit,120332.92,2023-05-11,08:47:00,0.0
TXN00688,ACC0141,Payments,14336.38,2023-05-06,11:49:00,50.0
TXN00689,ACC0023,Deposit,127925.7,2023-03-13,14:18:00,0.0
TXN00690,ACC0031,Fund Transfers,73881.34,2023-07-24,12:57:00,100.0
TXN00691,ACC0034,Fund Transfers,99995.28,2023-06-17,11:31:00,50.0
TXN00692,ACC0227,Payments,71727.73,2023-10-20,14:05:00,50.0
TXN00693,ACC0208,Fund Transfers,92273.23,2023-07-21,14:05:00,0.0
TXN00694,ACC0132,Fund Transfers,146004.13,2023-11-08,10:59:00,50.0
TXN00695,ACC0135,Deposit,43960.1,2023-07-03,15:19:00,0.0
TXN00696,ACC0033,Fund Transfers,126309.92,2023-09-14,12:36:00,0.0
TXN00697,ACC0142,Deposit,137636.65,2023-09-04,16:27:00,50.0
TXN00698,ACC0025,Payments,99297.86,2023-10-27,12:22:00,30.0
TXN00699,ACC0150,Deposit,115412.69,2023-01-04,15:11:00,0.0
TXN00700,ACC0216,Payments,7266.18,2023-07-23,12:20:00,100.0
TXN00701,ACC0186,Payments,113724.46,2023-08-20,12:21:00,0.0
TXN00702,ACC0055,Withdraw,12193.97,2023-10-09,09:27:00,100.0
TXN00703,ACC0005,Deposit,59542.61,2023-01-06,15:29:00,50.0
TXN00704,ACC0223,Payments,45768.6,2023-10-12,14:51:00,30.0
TXN00705,ACC0023,Withdraw,20699.54,2023-04-04,08:44:00,0.0
TXN00706,ACC0220,Deposit,31779.81,2023-11-05,11:27:00,100.0
TXN00707,ACC0049,Deposit,45487.22,2023-08-05,15:27:00,0.0
TXN00708,ACC0030,Withdraw,135411.09,2023-12-23,15:31:00,50.0
TXN00709,ACC0006,Payments,87991.33,2023-04-10,17:53:00,50.0
TXN00710,ACC0014,Fund Transfers,1677.21,2023-11-28,14:26:00,50.0
TXN00711,ACC0189,Fund Transfers,6034.07,2023-07-16,16:37:00,100.0
TXN00712,ACC0240,Payments,35169.92,2023-01-17,08:27:00,100.0
TXN00713,ACC0081,Deposit,40543.41,2023-11-14,15:07:00,50.0
TXN00714,ACC0160,Fund Transfers,67524.65,2023-07-01,10:18:00,0.0
TXN00715,ACC0121,Fund Transfers,65997.55,2023-09-08,17:58:00,30.0
TXN00716,ACC0236,Payments,20108.21,2023-05-24,14:26:00,30.0
TXN00717,ACC0204,Payments,120063.38,2023-03-20,11:18:00,0.0
TXN00718,ACC0171,Payments,19799.93,2023-04-06,17:31:00,0.0
TXN00719,ACC0204,Payments,141486.68,2023-08-10,11:13:00,100.0
TXN00720,ACC0013,Deposit,54138.62,2023-05-12,10:11:00,100.0
TXN00721,ACC0009,Deposit,50991.35,2023-02-20,11:07:00,100.0
TXN00722,ACC0058,Payments,39044.41,2023-06-26,13:49:00,0.0
TXN00723,ACC0198,Fund Transfers,134499.5,2023-12-28,16:38:00,0.0
TXN00724,ACC0181,Deposit,139031.5,2023-08-26,15:53:00,0.0
TXN00725,ACC0250,Deposit,117357.03,2023-10-26,09:52:00,100.0
TXN00726,ACC0011,Deposit,25473.42,2023-02-28,11:58:00,30.0
TXN00727,ACC0041,Fund Transfers,106370.42,2023-09-16,09:09:00,30.0
TXN00728,ACC0086,Withdraw,18886.03,2023-04-15,14:49:00,0.0
TXN00729,ACC0063,Payments,51527.35,2023-09-06,09:17:00,30.0
TXN00730,ACC0184,Payments,54416.19,2023-11-08,10:48:00,100.0
TXN00731,ACC0108,Withdraw,21130.15,2023-07-14,14:57:00,50.0
TXN00732,ACC0244,Fund Transfers,141589.17,2023-08-05,08:45:00,100.0
TXN00733,ACC0242,Deposit,13174.34,2023-06-13,10:27:00,0.0
TXN00734,ACC0101,Deposit,99196.34,2023-11-05,17:03:00,100.0
TXN00735,ACC0250,Fund Transfers,63186.14,2023-11-23,16:55:00,30.0
TXN00736,ACC0185,Fund Transfers,136430.01,2023-01-27,12:57:00,100.0
TXN00737,ACC0157,Withdraw,105194.11,2023-08-21,11:56:00,100.0
TXN00738,ACC0160,Payments,104771.91,2023-11-13,11:56:00,30.0
TXN00739,ACC0022,Deposit,80846.31,2023-07-24,10:33:00,100.0
TXN00740,ACC0073,Withdraw,14376.53,2023-09-10,16:21:00,0.0
TXN00741,ACC0006,Deposit,133602.74,2023-09-19,12:15:00,30.0
TXN00742,ACC0186,Payments,148049.73,2023-02-24,08:53:00,30.0
TXN00743,ACC0067,Fund Transfers,19010.05,2023-11-04,15:19:00,100.0
TXN00744,ACC0189,Deposit,68245.5,2023-04-26,17:36:00,100.0
TXN00745,ACC0217,Withdraw,52875.4,2023-05-22,17:43:00,0.0
TXN00746,ACC0183,Payments,78190.16,2023-04-04,13:33:00,100.0
TXN00747,ACC0050,Fund Transfers,68419.28,2023-03-23,14:53:00,50.0
TXN00748,ACC0021,Deposit,9797.95,2023-03-16,11:28:00,0.0
TXN00749,ACC0095,Payments,88441.8,2023-09-25,14:55:00,30.0
TXN00750,ACC0150,Payments,95650.94,2023-08-23,15:46:00,50.0
TXN00751,ACC0211,Withdraw,22079.75,2023-03-16,15:08:00,100.0
TXN00752,ACC0221,Deposit,104323.37,2023-08-16,08:47:00,0.0
TXN00753,ACC0242,Fund Transfers,138293.75,2023-02-20,14:07:00,0.0
TXN00754,ACC0095,Fund Transfers,6522.18,2023-03-04,13:19:00,30.0
TXN00755,ACC0078,Fund Transfers,73145.87,2023-03-05,17:26:00,0.0
TXN00756,ACC0240,Fund Transfers,133414.05,2023-04-06,15:00:00,0.0
TXN00757,ACC0141,Fund Transfers,10600.9,2023-01-14,15:36:00,30.0
TXN00758,ACC0145,Payments,135092.95,2023-07-16,17:08:00,0.0
TXN00759,ACC0130,Payments,114370.98,2023-11-15,10:55:00,30.0
TXN00760,ACC0023,Payments,58391.65,2023-07-11,16:02:00,50.0
TXN00761,ACC0189,Fund Transfers,97064.52,2023-03-23,08:36:00,30.0
TXN00762,ACC0144,Deposit,96765.17,2023-02-07,17:34:00,100.0
TXN00763,ACC0194,Deposit,143615.27,2023-09-07,15:32:00,0.0
TXN00764,ACC0031,Withdraw,144375.33,2023-05-26,11:15:00,100.0
TXN00765,ACC0114,Deposit,121134.69,2023-10-11,14:37:00,0.0
TXN00766,ACC0126,Deposit,51323.5,2023-03-14,08:55:00,100.0
TXN00767,ACC0082,Payments,38948.08,2023-02-04,16:10:00,30.0
TXN00768,ACC0037,Withdraw,38705.4,2023-02-05,12:26:00,0.0
TXN00769,ACC0016,Fund Transfers,27627.95,2023-12-02,12:24:00,0.0
TXN00770,ACC0082,Withdraw,62217.01,2023-06-09,14:52:00,0.0
TXN00771,ACC0014,Withdraw,36323.63,2023-10-19,11:31:00,100.0
TXN00772,ACC0193,Payments,142428.88,2023-05-02,13:29:00,100.0
TXN00773,ACC0105,Deposit,72883.64,2023-07-21,11:58:00,0.0
TXN00774,ACC0069,Deposit,37324.26,2023-09-21,10:19:00,100.0
TXN00775,ACC0105,Payments,13044.3,2023-11-17,11:50:00,0.0
TXN00776,ACC0096,Withdraw,117412.54,2023-09-14,16:28:00,0.0
TXN00777,ACC0001,Payments,144186.61,2023-10-10,10:00:00,0.0
TXN00778,ACC0239,Payments,41358.79,2023-05-27,14:22:00,0.0
TXN00779,ACC0150,Fund Transfers,7299.97,2023-12-18,17:04:00,30.0
TXN00780,ACC0023,Payments,104915.18,2023-03-24,16:17:00,50.0
TXN00781,ACC0054,Fund Transfers,132647.78,2023-06-21,12:48:00,50.0
TXN00782,ACC0070,Withdraw,99510.42,2023-06-11,11:29:00,100.0
TXN00783,ACC0085,Deposit,137145.73,2023-03-21,08:38:00,50.0
TXN00784,ACC0002,Deposit,101069.61,2023-07-18,15:48:00,50.0
TXN00785,ACC0138,Deposit,118202.13,2023-11-21,09:34:00,0.0
TXN00786,ACC0229,Payments,101000.76,2023-06-27,14:52:00,100.0
TXN00787,ACC0092,Payments,26989.4,2023-12-01,09:29:00,30.0
TXN00788,ACC0240,Withdraw,66964.36,2023-04-24,08:48:00,30.0
TXN00789,ACC0175,Fund Transfers,29131.0,2023-10-21,12:51:00,0.0
TXN00790,ACC0060,Payments,145110.83,2023-01-09,15:57:00,100.0
TXN00791,ACC0054,Deposit,29814.98,2023-11-13,09:55:00,30.0
TXN00792,ACC0146,Payments,25986.33,2023-04-22,17:43:00,100.0
TXN00793,ACC0145,Withdraw,10271.41,2023-03-24,09:08:00,30.0
TXN00794,ACC0239,Withdraw,132209.96,2023-12-26,12:12:00,0.0
TXN00795,ACC0249,Fund Transfers,102261.71,2023-08-01,14:41:00,0.0
TXN00796,ACC0219,Fund Transfers,65165.95,2023-07-09,09:43:00,100.0
TXN00797,ACC0120,Payments,54540.04,2023-01-24,11:03:00,30.0
TXN00798,ACC0236,Payments,80095.34,2023-06-01,14:12:00,30.0
TXN00799,ACC0021,Deposit,148544.56,2023-04-23,14:04:00,0.0
TXN00800,ACC0051,Withdraw,49719.08,2023-02-21,09:01:00,50.0
TXN00801,ACC0111,Deposit,89083.35,2023-11-11,12:15:00,0.0
TXN00802,ACC0122,Withdraw,143841.0,2023-01-27,13:33:00,0.0
TXN00803,ACC0242,Deposit,116474.55,2023-10-15,09:40:00,50.0
TXN00804,ACC0149,Deposit,13287.44,2023-01-02,14:20:00,0.0
TXN00805,ACC0201,Withdraw,9769.33,2023-08-02,12:39:00,50.0
TXN00806,ACC0017,Deposit,101795.89,2023-09-02,12:54:00,50.0
TXN00807,ACC0103,Deposit,92786.65,2023-07-08,17:50:00,100.0
TXN00808,ACC0003,Payments,57896.04,2023-07-20,17:06:00,30.0
TXN00809,ACC0167,Deposit,68384.48,2023-06-19,11:06:00,0.0
TXN00810,ACC0004,Deposit,89136.53,2023-04-19,10:40:00,100.0
TXN00811,ACC0066,Fund Transfers,63440.55,2023-12-20,15:11:00,0.0
TXN00812,ACC0036,Deposit,9543.43,2023-05-19,14:32:00,30.0
TXN00813,ACC0080,Withdraw,22537.65,2023-05-20,13:18:00,30.0
TXN00814,ACC0249,Deposit,77893.25,2023-11-22,10:03:00,0.0
TXN00815,ACC0130,Deposit,63598.14,2023-04-07,11:50:00,0.0
TXN00816,ACC0088,Withdraw,100345.09,2023-12-23,15:38:00,30.0
TXN00817,ACC0219,Fund Transfers,92607.42,2023-07-11,10:06:00,50.0
TXN00818,ACC0225,Deposit,74641.64,2023-01-21,11:44:00,0.0
TXN00819,ACC0120,Withdraw,36233.35,2023-12-25,13:51:00,50.0
TXN00820,ACC0053,Payments,28044.55,2023-01-12,08:04:00,30.0
TXN00821,ACC0008,Deposit,21789.09,2023-08-07,17:58:00,30.0
TXN00822,ACC0012,Deposit,30268.87,2023-05-06,11:56:00,30.0
TXN00823,ACC0185,Withdraw,51302.72,2023-09-08,10:12:00,0.0
TXN00824,ACC0046,Fund Transfers,136642.02,2023-01-27,10:24:00,0.0
TXN00825,ACC0087,Withdraw,46108.32,2023-04-12,13:42:00,0.0
TXN00826,ACC0241,Payments,131818.98,2023-02-04,10:56:00,0.0
TXN00827,ACC0204,Withdraw,29156.35,2023-07-23,13:20:00,100.0
TXN00828,ACC0110,Withdraw,138191.53,2023-10-19,11:54:00,100.0
TXN00829,ACC0076,Withdraw,49488.25,2023-01-21,12:55:00,0.0
TXN00830,ACC0218,Payments,31781.02,2023-02-26,15:50:00,100.0
TXN00831,ACC0017,Withdraw,76537.76,2023-11-25,16:23:00,50.0
TXN00832,ACC0133,Payments,27260.28,2023-12-12,16:44:00,50.0
TXN00833,ACC0184,Payments,71326.84,2023-10-13,17:41:00,0.0
TXN00834,ACC0054,Withdraw,134285.25,2023-08-28,11:25:00,0.0
TXN00835,ACC0079,Payments,133361.98,2023-10-06,13:16:00,100.0
TXN00836,ACC0022,Withdraw,112867.6,2023-05-15,16:22:00,0.0
TXN00837,ACC0150,Deposit,70055.34,2023-10-11,14:28:00,50.0
TXN00838,ACC0111,Payments,55443.04,2023-08-11,12:24:00,0.0
TXN00839,ACC0046,Payments,35451.66,2023-11-03,13:57:00,0.0
TXN00840,ACC0076,Deposit,117988.06,2023-04-04,09:04:00,30.0
TXN00841,ACC0010,Withdraw,50396.8,2023-11-11,12:19:00,30.0
TXN00842,ACC0049,Withdraw,149761.56,2023-12-24,16:58:00,30.0
TXN00843,ACC0003,Fund Transfers,42635.87,2023-06-26,14:25:00,100.0
TXN00844,ACC0194,Deposit,71064.6,2023-09-25,10:55:00,50.0
TXN00845,ACC0059,Withdraw,108638.72,2023-04-16,11:33:00,100.0
TXN00846,ACC0202,Payments,108515.3,2023-08-11,09:20:00,0.0
TXN00847,ACC0110,Payments,31832.92,2023-08-28,16:01:00,30.0
TXN00848,ACC0036,Withdraw,46183.0,2023-12-01,15:51:00,30.0
TXN00849,ACC0087,Withdraw,63162.52,2023-11-25,14:48:00,100.0
TXN00850,ACC0077,Fund Transfers,88249.79,2023-10-26,08:59:00,0.0
TXN00851,ACC0040,Fund Transfers,85444.54,2023-10-20,17:55:00,50.0
TXN00852,ACC0098,Withdraw,142329.55,2023-02-18,14:12:00,50.0
TXN00853,ACC0028,Fund Transfers,85642.49,2023-08-21,12:05:00,0.0
TXN00854,ACC0027,Withdraw,5292.84,2023-12-20,15:01:00,0.0
TXN00855,ACC0051,Deposit,136746.12,2023-07-10,11:14:00,30.0
TXN00856,ACC0169,Deposit,68472.22,2023-06-17,08:10:00,30.0
TXN00857,ACC0221,Payments,58970.24,2023-02-05,16:26:00,50.0
TXN00858,ACC0191,Deposit,58654.44,2023-04-05,11:19:00,50.0
TXN00859,ACC0210,Payments,24237.8,2023-10-10,17:12:00,100.0
TXN00860,ACC0184,Payments,41678.43,2023-01-05,15:04:00,50.0
TXN00861,ACC0155,Withdraw,79115.55,2023-10-16,15:29:00,100.0
TXN00862,ACC0011,Deposit,43542.81,2023-08-12,12:25:00,100.0
TXN00863,ACC0211,Withdraw,62550.39,2023-03-20,14:29:00,50.0
TXN00864,ACC0234,Withdraw,104929.04,2023-02-13,08:15:00,0.0
TXN00865,ACC0071,Fund Transfers,100165.21,2023-02-23,11:58:00,50.0
TXN00866,ACC0106,Deposit,149299.8,2023-02-25,09:32:00,30.0
TXN00867,ACC0105,Payments,25143.45,2023-04-17,08:29:00,0.0
TXN00868,ACC0019,Payments,57482.76,2023-12-13,11:25:00,0.0
TXN00869,ACC0003,Fund Transfers,17645.07,2023-03-11,15:31:00,50.0
TXN00870,ACC0018,Deposit,82490.07,2023-04-23,15:08:00,50.0
TXN00871,ACC0211,Fund Transfers,126313.6,2023-03-27,08:38:00,0.0
TXN00872,ACC0046,Fund Transfers,19060.63,2023-12-13,10:04:00,0.0
TXN00873,ACC0174,Fund Transfers,23447.72,2023-06-06,11:45:00,0.0
TXN00874,ACC0229,Withdraw,66587.69,2023-01-27,16:41:00,0.0
TXN00875,ACC0100,Fund Transfers,66876.01,2023-10-01,08:49:00,50.0
TXN00876,ACC0197,Withdraw,139358.67,2023-06-08,11:05:00,0.0
TXN00877,ACC0108,Deposit,148398.95,2023-06-27,11:43:00,0.0
TXN00878,ACC0057,Deposit,119640.16,2023-11-06,10:02:00,50.0
TXN00879,ACC0132,Deposit,122435.84,2023-06-18,11:39:00,0.0
TXN00880,ACC0240,Payments,140869.02,2023-02-08,11:06:00,30.0
TXN00881,ACC0083,Withdraw,2741.69,2023-11-11,08:24:00,0.0
TXN00882,ACC0118,Withdraw,10369.43,2023-05-21,17:23:00,0.0
TXN00883,ACC0018,Withdraw,61958.98,2023-10-16,09:45:00,100.0
TXN00884,ACC0203,Withdraw,38165.05,2023-02-20,13:40:00,50.0
TXN00885,ACC0174,Withdraw,50140.96,2023-11-25,13:54:00,50.0
TXN00886,ACC0018,Fund Transfers,3138.5,2023-10-15,14:32:00,0.0
TXN00887,ACC0129,Deposit,35274.58,2023-10-25,09:19:00,0.0
TXN00888,ACC0189,Payments,113708.24,2023-10-03,08:08:00,30.0
TXN00889,ACC0128,Fund Transfers,30700.76,2023-07-07,08:15:00,100.0
TXN00890,ACC0243,Payments,111018.72,2023-06-05,12:20:00,0.0
TXN00891,ACC0134,Payments,97382.94,2023-05-25,08:14:00,30.0
TXN00892,ACC0088,Withdraw,31269.71,2023-01-22,11:51:00,0.0
TXN00893,ACC0156,Payments,78460.05,2023-03-15,08:04:00,50.0
TXN00894,ACC0018,Withdraw,8289.98,2023-03-07,10:05:00,0.0
TXN00895,ACC0152,Withdraw,35828.36,2023-02-14,15:19:00,0.0
TXN00896,ACC0185,Withdraw,37116.28,2023-03-20,11:19:00,30.0
TXN00897,ACC0148,Payments,145175.01,2023-04-09,15:05:00,30.0
TXN00898,ACC0102,Payments,25581.02,2023-08-14,16:39:00,50.0
TXN00899,ACC0195,Withdraw,123030.77,2023-08-01,14:27:00,0.0
TXN00900,ACC0195,Fund Transfers,89479.91,2023-03-18,10:16:00,50.0
TXN00901,ACC0119,Fund Transfers,68313.66,2023-07-18,17:30:00,0.0
TXN00902,ACC0086,Withdraw,107372.07,2023-04-05,11:00:00,0.0
TXN00903,ACC0221,Fund Transfers,73972.33,2023-07-13,13:24:00,50.0
TXN00904,ACC0079,Deposit,61613.74,2023-01-04,14:59:00,100.0
TXN00905,ACC0042,Withdraw,114561.15,2023-05-25,13:32:00,50.0
TXN00906,ACC0163,Fund Transfers,104620.08,2023-11-13,14:47:00,0.0
TXN00907,ACC0063,Payments,5658.88,2023-06-21,08:44:00,0.0
TXN00908,ACC0067,Payments,141667.65,2023-03-09,11:38:00,100.0
TXN00909,ACC0244,Withdraw,2344.44,2023-02-21,14:25:00,100.0
TXN00910,ACC0250,Deposit,78021.29,2023-04-14,10:53:00,50.0
TXN00911,ACC0065,Fund Transfers,75346.7,2023-09-22,14:37:00,30.0
TXN00912,ACC0188,Payments,112993.11,2023-12-28,09:06:00,100.0
TXN00913,ACC0199,Fund Transfers,122227.09,2023-05-24,11:59:00,50.0
TXN00914,ACC0179,Fund Transfers,1459.84,2023-03-27,15:00:00,0.0
TXN00915,ACC0018,Payments,78981.82,2023-11-10,14:10:00,0.0
TXN00916,ACC0096,Withdraw,105755.06,2023-04-16,10:32:00,0.0
TXN00917,ACC0116,Withdraw,28252.89,2023-01-24,10:51:00,0.0
TXN00918,ACC0067,Payments,66389.2,2023-10-04,10:05:00,30.0
TXN00919,ACC0022,Payments,19139.9,2023-02-11,08:37:00,0.0
TXN00920,ACC0123,Payments,101084.29,2023-02-01,08:17:00,0.0
TXN00921,ACC0171,Deposit,14977.86,2023-09-26,08:24:00,100.0
TXN00922,ACC0134,Fund Transfers,139853.19,2023-08-25,13:38:00,50.0
TXN00923,ACC0087,Fund Transfers,102438.07,2023-06-11,11:23:00,50.0
TXN00924,ACC0097,Deposit,146308.11,2023-06-26,09:00:00,50.0
TXN00925,ACC0223,Payments,108920.42,2023-03-01,17:07:00,100.0
TXN00926,ACC0072,Withdraw,55580.27,2023-10-22,15:32:00,50.0
TXN00927,ACC0170,Withdraw,967.8,2023-11-27,13:01:00,30.0
TXN00928,ACC0224,Deposit,145454.84,2023-12-11,15:14:00,100.0
TXN00929,ACC0125,Payments,111011.09,2023-02-12,14:59:00,50.0
TXN00930,ACC0169,Deposit,110274.52,2023-05-20,11:45:00,0.0
TXN00931,ACC0223,Deposit,19615.27,2023-02-10,16:55:00,50.0
TXN00932,ACC0044,Payments,143280.16,2023-08-22,16:15:00,0.0
TXN00933,ACC0055,Withdraw,113111.25,2023-11-23,09:06:00,50.0
TXN00934,ACC0184,Deposit,24455.17,2023-06-13,12:14:00,30.0
TXN00935,ACC0171,Payments,142749.83,2023-11-04,10:59:00,100.0
TXN00936,ACC0163,Payments,14021.04,2023-12-11,11:59:00,100.0
TXN00937,ACC0197,Deposit,96775.99,2023-07-23,14:41:00,100.0
TXN00938,ACC0248,Payments,121362.9,2023-04-09,09:18:00,0.0
TXN00939,ACC0029,Deposit,51365.56,2023-10-07,09:36:00,30.0
TXN00940,ACC0033,Fund Transfers,143133.26,2023-10-24,08:19:00,0.0
TXN00941,ACC0152,Withdraw,127144.23,2023-07-11,13:51:00,0.0
TXN00942,ACC0134,Withdraw,16434.6,2023-01-18,15:20:00,0.0
TXN00943,ACC0209,Fund Transfers,125663.89,2023-08-22,15:09:00,100.0
TXN00944,ACC0073,Withdraw,112185.46,2023-12-02,17:20:00,30.0
TXN00945,ACC0129,Deposit,41381.16,2023-12-19,15:40:00,0.0
TXN00946,ACC0127,Fund Transfers,105769.0,2023-07-02,13:09:00,0.0
TXN00947,ACC0218,Withdraw,105210.91,2023-01-28,10:54:00,50.0
TXN00948,ACC0187,Payments,45215.72,2023-11-28,10:01:00,100.0
TXN00949,ACC0101,Fund Transfers,63654.4,2023-08-12,14:25:00,0.0
TXN00950,ACC0136,Fund Transfers,42713.43,2023-04-23,16:25:00,0.0
TXN00951,ACC0034,Fund Transfers,112963.84,2023-10-28,08:54:00,30.0
TXN00952,ACC0118,Withdraw,86785.03,2023-08-23,15:18:00,0.0
TXN00953,ACC0054,Withdraw,120751.59,2023-04-24,08:23:00,100.0
TXN00954,ACC0027,Withdraw,56795.09,2023-07-22,10:59:00,0.0
TXN00955,ACC0025,Fund Transfers,146136.73,2023-03-02,09:32:00,30.0
TXN00956,ACC0152,Payments,145474.18,2023-11-24,14:15:00,0.0
TXN00957,ACC0031,Withdraw,59798.4,2023-05-23,17:11:00,50.0
TXN00958,ACC0199,Deposit,116770.76,2023-11-13,12:40:00,50.0
TXN00959,ACC0095,Deposit,18440.06,2023-02-04,15:41:00,100.0
TXN00960,ACC0058,Deposit,88234.15,2023-10-16,12:44:00,0.0
TXN00961,ACC0204,Withdraw,57902.0,2023-11-23,14:19:00,100.0
TXN00962,ACC0033,Deposit,49121.73,2023-12-28,16:11:00,50.0
TXN00963,ACC0209,Deposit,59372.58,2023-09-26,16:31:00,0.0
TXN00964,ACC0133,Deposit,113149.48,2023-04-22,09:11:00,100.0
TXN00965,ACC0178,Withdraw,1295.94,2023-08-26,13:07:00,0.0
TXN00966,ACC0033,Withdraw,98069.75,2023-02-18,12:54:00,0.0
TXN00967,ACC0022,Deposit,76169.17,2023-06-18,10:27:00,0.0
TXN00968,ACC0064,Fund Transfers,7401.86,2023-09-26,12:42:00,100.0
TXN00969,ACC0114,Withdraw,86772.18,2023-12-11,16:58:00,30.0
TXN00970,ACC0156,Withdraw,103345.58,2023-11-27,08:15:00,0.0
TXN00971,ACC0049,Withdraw,45306.53,2023-04-05,17:35:00,0.0
TXN00972,ACC0152,Fund Transfers,41970.66,2023-12-20,14:04:00,100.0
TXN00973,ACC0066,Fund Transfers,57576.46,2023-03-13,15:05:00,30.0
TXN00974,ACC0174,Payments,141059.8,2023-03-18,11:04:00,30.0
TXN00975,ACC0163,Withdraw,107309.52,2023-10-22,16:38:00,0.0
TXN00976,ACC0108,Withdraw,47795.87,2023-07-13,08:38:00,0.0
TXN00977,ACC0020,Fund Transfers,19130.87,2023-02-22,16:26:00,0.0
TXN00978,ACC0085,Deposit,54741.51,2023-06-25,12:09:00,0.0
TXN00979,ACC0071,Deposit,15143.05,2023-04-13,09:50:00,0.0
TXN00980,ACC0045,Fund Transfers,88529.64,2023-08-04,16:22:00,100.0
TXN00981,ACC0222,Fund Transfers,82955.56,2023-10-04,08:10:00,30.0
TXN00982,ACC0243,Payments,27510.54,2023-12-22,16:35:00,100.0
TXN00983,ACC0226,Payments,71790.85,2023-03-09,08:43:00,100.0
TXN00984,ACC0183,Withdraw,98805.66,2023-03-13,17:47:00,30.0
TXN00985,ACC0014,Fund Transfers,106271.61,2023-04-22,17:26:00,50.0
TXN00986,ACC0047,Payments,147943.82,2023-08-17,12:17:00,50.0
TXN00987,ACC0134,Withdraw,46125.52,2023-02-10,14:49:00,30.0
TXN00988,ACC0217,Deposit,95384.16,2023-02-24,11:05:00,0.0
TXN00989,ACC0148,Deposit,13145.48,2023-05-18,15:51:00,0.0
TXN00990,ACC0247,Payments,101716.44,2023-12-05,15:31:00,100.0
TXN00991,ACC0176,Deposit,61117.98,2023-10-07,08:45:00,50.0
TXN00992,ACC0180,Fund Transfers,37011.82,2023-12-22,16:43:00,100.0
TXN00993,ACC0011,Payments,144714.78,2023-11-25,16:57:00,0.0
TXN00994,ACC0045,Deposit,55374.12,2023-03-17,13:03:00,50.0
TXN00995,ACC0127,Payments,25987.35,2023-02-11,11:53:00,100.0
TXN00996,ACC0218,Deposit,43864.68,2023-08-10,12:13:00,0.0
TXN00997,ACC0189,Payments,33010.75,2023-05-21,16:52:00,0.0
TXN00998,ACC0240,Payments,133927.84,2023-08-02,13:00:00,100.0
TXN00999,ACC0118,Fund Transfers,45103.42,2023-02-01,13:56:00,0.0
TXN01000,ACC0103,Fund Transfers,1825.13,2023-07-16,11:05:00,100.0
TXN01001,ACC0044,Payments,24555.22,2023-02-18,09:21:00,100.0
TXN01002,ACC0222,Fund Transfers,116142.36,2023-05-11,09:35:00,50.0
TXN01003,ACC0236,Fund Transfers,9403.62,2023-03-19,10:49:00,0.0
TXN01004,ACC0001,Deposit,128874.01,2023-01-08,08:30:00,30.0
TXN01005,ACC0188,Payments,145380.72,2023-07-16,14:22:00,100.0
TXN01006,ACC0218,Fund Transfers,31214.13,2023-10-17,11:47:00,50.0
TXN01007,ACC0166,Withdraw,101815.44,2023-05-21,14:32:00,0.0
TXN01008,ACC0223,Fund Transfers,131745.09,2023-05-13,15:36:00,100.0
TXN01009,ACC0207,Fund Transfers,124044.81,2023-12-20,08:13:00,30.0
TXN01010,ACC0238,Payments,105258.48,2023-12-11,13:28:00,30.0
